year,month,term,count
2021,1,unhooked,27
2021,1,macdonald,14
2021,1,oneunusedis,12
2021,1,frequency,8
2021,1,cheeklip,8
2021,1,producst,7
2021,1,seam,6
2021,1,wrinklescrepy,6
2021,1,envygirl,5
2021,1,dermatitisallergy,5
2021,2,unhooked,26
2021,2,oneunusedis,12
2021,2,frequency,12
2021,2,macdonald,11
2021,2,drenched,7
2021,2,combines,7
2021,2,cheeklip,7
2021,2,successful,7
2021,2,dyer,6
2021,2,nocib,6
2021,3,unhooked,23
2021,3,oneunusedis,20
2021,3,cheeklip,13
2021,3,frequency,10
2021,3,macdonald,8
2021,3,puppies,6
2021,3,paid,5
2021,3,dyer,5
2021,3,settingspray,5
2021,3,experts,5
2021,4,unhooked,37
2021,4,oneunusedis,18
2021,4,frequency,12
2021,4,dyer,9
2021,4,cheeklip,8
2021,4,cicaplast,8
2021,4,seam,7
2021,4,experts,5
2021,4,pornstars,5
2021,4,belong,5
2021,5,unhooked,22
2021,5,oneunusedis,10
2021,5,frequency,7
2021,5,experts,5
2021,5,producst,5
2021,5,wetness,5
2021,5,migraines,4
2021,5,seam,4
2021,5,suffocating,4
2021,5,tee,4
2021,6,unhooked,28
2021,6,oneunusedis,11
2021,6,frequency,8
2021,6,macdonald,7
2021,6,seam,7
2021,6,aos,7
2021,6,cheeklip,6
2021,6,chart,4
2021,6,dregs,4
2021,6,actor,4
2021,7,unhooked,34
2021,7,oneunusedis,15
2021,7,settingspray,7
2021,7,dyer,7
2021,7,frequency,6
2021,7,cicaplast,6
2021,7,actor,5
2021,7,macdonald,5
2021,7,cheeklip,5
2021,7,suffocating,4
2021,8,unhooked,19
2021,8,oneunusedis,14
2021,8,heather,8
2021,8,chart,8
2021,8,frequency,7
2021,8,settingspray,6
2021,8,wrinklescrepy,5
2021,8,dermatitisallergy,5
2021,8,macdonald,5
2021,8,seam,5
2021,9,unhooked,21
2021,9,oneunusedis,18
2021,9,opakes,9
2021,9,macdonald,8
2021,9,producst,8
2021,9,frequency,7
2021,9,storing,6
2021,9,hellaciously,6
2021,9,dermatitisallergy,5
2021,9,cert,5
2021,10,unhooked,24
2021,10,frequency,10
2021,10,dyer,9
2021,10,oneunusedis,9
2021,10,macdonald,7
2021,10,raiding,5
2021,10,cheeklip,5
2021,10,chart,4
2021,10,seam,4
2021,10,cosplayor,4
2021,11,unhooked,21
2021,11,oneunusedis,12
2021,11,frequency,8
2021,11,cheeklip,8
2021,11,producst,6
2021,11,seam,6
2021,11,macdonald,6
2021,11,coverfix,5
2021,11,chart,4
2021,11,eyeface,4
2021,12,unhooked,18
2021,12,frequency,13
2021,12,macdonald,9
2021,12,seam,9
2021,12,oneunusedis,9
2021,12,cheeklip,8
2021,12,dermatitisallergy,5
2021,12,dregs,5
2021,12,puppies,5
2021,12,enters,5
2022,1,unhooked,22
2022,1,frequency,13
2022,1,oneunusedis,12
2022,1,cheeklip,11
2022,1,seam,7
2022,1,underneth,6
2022,1,aos,6
2022,1,macdonald,6
2022,1,puppies,6
2022,1,cosplayor,5
2022,2,unhooked,39
2022,2,oneunusedis,20
2022,2,frequency,8
2022,2,seam,7
2022,2,permanent,6
2022,2,chart,6
2022,2,cheeklip,6
2022,2,experts,5
2022,2,producst,5
2022,2,shrinkflation,5
2022,3,unhooked,42
2022,3,oneunusedis,20
2022,3,cheeklip,14
2022,3,macdonald,11
2022,3,dyer,10
2022,3,healed,8
2022,3,frequency,7
2022,3,dumbest,6
2022,3,experts,6
2022,3,webcams,6
2022,4,unhooked,42
2022,4,oneunusedis,24
2022,4,seam,13
2022,4,frequency,13
2022,4,cheeklip,8
2022,4,angry,6
2022,4,foundationsand,6
2022,4,macdonald,6
2022,4,overwash,6
2022,4,bronzerblushhighlighter,5
2022,5,unhooked,41
2022,5,oneunusedis,27
2022,5,frequency,22
2022,5,seam,10
2022,5,cheeklip,9
2022,5,chart,7
2022,5,macdonald,6
2022,5,trembles,6
2022,5,producst,6
2022,5,dermatitisallergy,6
2022,6,unhooked,21
2022,6,oneunusedis,18
2022,6,cheeklip,12
2022,6,frequency,8
2022,6,settingspray,6
2022,6,seam,6
2022,6,semidecent,5
2022,6,usd,5
2022,6,producst,5
2022,6,dyer,5
2022,7,unhooked,22
2022,7,oneunusedis,20
2022,7,cheeklip,11
2022,7,frequency,10
2022,7,blushcontourbronzer,6
2022,7,chart,6
2022,7,dipping,6
2022,7,coverfix,6
2022,7,celeb,5
2022,7,experts,5
2022,8,cheeklip,22
2022,8,unhooked,20
2022,8,oneunusedis,13
2022,8,chart,12
2022,8,frequency,12
2022,8,experts,10
2022,8,seam,8
2022,8,heather,8
2022,8,macdonald,8
2022,8,skaters,7
2022,9,unhooked,24
2022,9,oneunusedis,19
2022,9,cheeklip,17
2022,9,frequency,13
2022,9,seam,10
2022,9,chart,9
2022,9,laura,7
2022,9,experts,7
2022,9,coverfix,6
2022,9,webcams,6
2022,10,unhooked,38
2022,10,oneunusedis,30
2022,10,cheeklip,14
2022,10,frequency,13
2022,10,seam,12
2022,10,experts,10
2022,10,tailor,9
2022,10,dyer,9
2022,10,pornstars,9
2022,10,macdonald,9
2022,11,unhooked,22
2022,11,oneunusedis,19
2022,11,cheeklip,18
2022,11,macdonald,10
2022,11,frequency,9
2022,11,dumbest,8
2022,11,dermatitisallergy,8
2022,11,heather,7
2022,11,dyer,7
2022,11,settingspray,6
2022,12,unhooked,39
2022,12,oneunusedis,28
2022,12,frequency,16
2022,12,seam,14
2022,12,heather,14
2022,12,cheeklip,14
2022,12,macdonald,10
2022,12,producst,10
2022,12,fixture,9
2022,12,pumping,9
2023,1,unhooked,42
2023,1,oneunusedis,34
2023,1,frequency,23
2023,1,macdonald,21
2023,1,cheeklip,21
2023,1,dermatitisallergy,12
2023,1,heather,11
2023,1,settingspray,10
2023,1,experts,10
2023,1,pornstars,10
2023,2,unhooked,54
2023,2,oneunusedis,39
2023,2,frequency,29
2023,2,cheeklip,20
2023,2,hadjipanteli,10
2023,2,heather,10
2023,2,wrinklescrepy,9
2023,2,dissapears,9
2023,2,cosplayor,8
2023,2,builtup,8
2023,3,unhooked,48
2023,3,oneunusedis,31
2023,3,frequency,30
2023,3,dermatitisallergy,13
2023,3,cheeklip,12
2023,3,macdonald,12
2023,3,wrinklescrepy,10
2023,3,dyer,10
2023,3,angry,10
2023,3,heather,9
